[{"kodeMK":"MK001","namaMK":"Bahasa Inggris","sks":"2","dosenPengajar":"dosen"},{"kodeMK":"MK002","namaMK":"Bahasa Indonesia","sks":"2","dosenPengajar":"dosen2"},{"kodeMK":"MK003","namaMK":"Kalkulus","sks":"2","dosenPengajar":"dosen2"},{"kodeMK":"MK004","namaMK":"Agama","sks":"2","dosenPengajar":"dosen2"},{"kodeMK":"MK005","namaMK":"Logika dan Algoritma","sks":"2","dosenPengajar":"dosen2"},{"kodeMK":"MK006","namaMK":"Design Web","sks":"2","dosenPengajar":"dosen2"},{"kodeMK":"MK007","namaMK":"Pengantar Jaringan Komputer","sks":"2","dosenPengajar":"dosen"},{"kodeMK":"MK008","namaMK":"Pancasila dan Kewarganegaraan","sks":"2","dosenPengajar":"dosen"},{"kodeMK":"MK009","namaMK":"Sistem Digital","sks":"2","dosenPengajar":"dosen"},{"kodeMK":"MK010","namaMK":"Komputasi Numerik","sks":"2","dosenPengajar":"dosen"},{"kodeMK":"MK011","namaMK":"Matematika Informatika","sks":"2","dosenPengajar":"dosen2"},{"kodeMK":"MK012","namaMK":"Sistem Multimedia","sks":"2","dosenPengajar":"dosen2"},{"kodeMK":"MK013","namaMK":"Sistem Manajemen Basis Data","sks":"2","dosenPengajar":"dosen2"},{"kodeMK":"MK014","namaMK":"Pemrograman Jaringan","sks":"2","dosenPengajar":"dosen"},{"kodeMK":"MK015","namaMK":"Etika dan Hukum Siber","sks":"2","dosenPengajar":"dosen"},{"kodeMK":"MK016","namaMK":"Machine Learning","sks":"2","dosenPengajar":"dosen"},{"kodeMK":"MK017","namaMK":"Data Mining","sks":"2","dosenPengajar":"dosen2"},{"kodeMK":"MK018","namaMK":"Fundamental Pemrograman Multimedia","sks":"2","dosenPengajar":"dosen2"},{"kodeMK":"MK019","namaMK":"Pengembangan Ap. Berbasis Desktop","sks":"2","dosenPengajar":"dosen2"},{"kodeMK":"MK020","namaMK":"Pengolahan Citra Digital","sks":"2","dosenPengajar":"dosen"},{"kodeMK":"MK021","namaMK":"Agile Software Development","sks":"2","dosenPengajar":"dosen"},{"kodeMK":"MK022","namaMK":"Statistika","sks":"2","dosenPengajar":"dosen2"},{"kodeMK":"MK023","namaMK":"Pemrograman Dasar Berorientasi Objek","sks":"2","dosenPengajar":"dosen2"},{"kodeMK":"MK024","namaMK":"Organisasi dan Arsitektur Komuter","sks":"2","dosenPengajar":"dosen2"},{"kodeMK":"MK025","namaMK":"Pengantar Sistem Informasi","sks":"2","dosenPengajar":"dosen"},{"kodeMK":"MK026","namaMK":"Interaksi Manusia dan Komputer","sks":"2","dosenPengajar":"dosen"},{"kodeMK":"MK027","namaMK":"Strategi Algoritma","sks":"2","dosenPengajar":"dosen"},{"kodeMK":"MK028","namaMK":"Struktur Data","sks":"2","dosenPengajar":"dosen2"},{"kodeMK":"MK029","namaMK":"Matriks dan Aljabar Linear","sks":"2","dosenPengajar":"dosen2"},{"kodeMK":"MK030","namaMK":"Kecerdasan Buatan","sks":"2","dosenPengajar":"dosen2"},{"kodeMK":"MK031","namaMK":"Rekayasa Perangkat Lunak","sks":"2","dosenPengajar":"dosen"},{"kodeMK":"MK032","namaMK":"Pengembangan Ap. Berbasis Web","sks":"2","dosenPengajar":"dosen"},{"kodeMK":"MK033","namaMK":"Big Data","sks":"2","dosenPengajar":"dosen"},{"kodeMK":"MK034","namaMK":"Komputer Grafik","sks":"2","dosenPengajar":"dosen2"},{"kodeMK":"MK035","namaMK":"Keamanan Informasi dan Jaringan","sks":"2","dosenPengajar":"dosen"},{"kodeMK":"MK036","namaMK":"Penjaminan Mutu Perangkat Lunak","sks":"2","dosenPengajar":"dosen"},{"kodeMK":"MK037","namaMK":"Sistem Informasi Geografis","sks":"2","dosenPengajar":"dosen"},{"kodeMK":"MK038","namaMK":"Visi Komputer","sks":"2","dosenPengajar":"dosen2"},{"kodeMK":"MK039","namaMK":"Pemrograman Design Game","sks":"2","dosenPengajar":"dosen2"},{"kodeMK":"MK040","namaMK":"Inteligensi Bisnis","sks":"2","dosenPengajar":"dosen2"}]