[{"namaMahasiswa":"mahasiswa","namaMK":"Bahasa Indonesia","dosenPengajar":"dosen2","nilaiKehadiran":"90","nilaiTugas":"90","nilaiUTS":"90","nilaiUAS":"90"},{"namaMahasiswa":"362241010","namaMK":"Bahasa Indonesia","dosenPengajar":"dosen2","nilaiKehadiran":"90","nilaiTugas":"90","nilaiUTS":"90","nilaiUAS":"90"},{"namaMahasiswa":"mahasiswa03","namaMK":"Bahasa Indonesia","dosenPengajar":"dosen2","nilaiKehadiran":"90","nilaiTugas":"90","nilaiUTS":"90","nilaiUAS":"90"},{"namaMahasiswa":"mahasiswa","namaMK":"Logika dan Algoritma","dosenPengajar":"dosen2","nilaiKehadiran":"90","nilaiTugas":"90","nilaiUTS":"90","nilaiUAS":"90"},{"namaMahasiswa":"362241010","namaMK":"Logika dan Algoritma","dosenPengajar":"dosen2","nilaiKehadiran":"90","nilaiTugas":"90","nilaiUTS":"90","nilaiUAS":"90"},{"namaMahasiswa":"mahasiswa03","namaMK":"Logika dan Algoritma","dosenPengajar":"dosen2","nilaiKehadiran":"10","nilaiTugas":"20","nilaiUTS":"30","nilaiUAS":"40"},{"namaMahasiswa":"mahasiswa","namaMK":"Matriks dan Aljabar Linear","dosenPengajar":"dosen2","nilaiKehadiran":"0","nilaiTugas":"10","nilaiUTS":"0","nilaiUAS":"0"},{"namaMahasiswa":"362241010","namaMK":"Matriks dan Aljabar Linear","dosenPengajar":"dosen2","nilaiKehadiran":"20","nilaiTugas":"20","nilaiUTS":"20","nilaiUAS":"20"},{"namaMahasiswa":"Mahasiswa18","namaMK":"Matriks dan Aljabar Linear","dosenPengajar":"dosen2","nilaiKehadiran":"50","nilaiTugas":"50","nilaiUTS":"51","nilaiUAS":"44"}]